Id,Price
5067,720281.2212982178
3722,848086.6179351807
6820,1756154.2078704834
3103,661764.0002059937
2820,833622.9045028687
6369,1309536.5964050293
943,1528931.0834884644
4954,1851840.9511184692
6294,1225505.5916290283
6372,625756.2434844971
6376,1994645.6405334473
999,1875857.734992981
819,992439.7080535889
1053,925705.7636032104
1030,1221473.7240753174
4824,1888782.507987976
3612,1087835.0134506226
6366,875139.3124008179
5117,1107779.4125900269
5039,688702.3131484985
334,1795679.1429367065
2945,841455.0839385986
298,982804.9402313232
472,1844661.7806472778
5788,871058.0299835205
4015,542299.5162887573
3639,852042.6265869141
785,1035385.2549667358
344,2075270.1201705933
6731,859994.0356369019
4482,763343.8421096802
1415,1273623.778427124
1262,1115154.321296692
5642,1221956.5965499878
449,555431.4499053955
5110,630067.4608306885
3007,848497.0150909424
205,1050542.6826400757
1353,1684823.5659942627
4638,1102090.2937774658
4356,624922.5813903809
3734,585975.0131835938
6630,806491.1089859009
578,792323.7530288696
1398,1285196.520767212
1140,773434.3025817871
2006,1465757.2822418213
6687,1204083.7661972046
585,1647938.4914169312
1116,949252.0069732666
3356,1333458.0619506836
525,1393367.214515686
5720,333492.6173553467
4938,647347.5601043701
5294,1030434.6648406982
4880,1414022.415473938
3446,453602.7767868042
5772,962564.099533081
4214,567194.3064956665
891,1518880.4954910278
5523,308907.01988983154
4000,1512615.2328643799
6179,1136350.3764190674
3049,2222630.508781433
5400,912254.717124939
2049,686996.1923751831
2629,584820.3064346313
6449,1118110.4905014038
2043,771239.5244445801
2553,460750.4858093262
5153,1275552.4614562988
4905,684197.6567611694
6326,500665.7863845825
4229,944045.5998306274
1136,1257655.942604065
4981,300662.0584564209
1051,538689.1086273193
5742,1022889.8205108643
4863,1118069.9032287598
3640,2509000.382385254
3077,2035337.0021896362
1707,827870.8514480591
1661,574848.7591018677
4697,821274.7925796509
161,3067040.8667907715
1725,1294154.2512893677
5862,842316.1654586792
6044,1986113.9164657593
4463,888389.4156417847
3429,4330541.08934021
2242,835578.4317245483
6395,1186214.8333587646
691,1123941.41696167
5296,843820.0757217407
1420,898060.8363113403
4290,1804407.949333191
6155,1165457.552368164
6799,1089091.1803359985
465,1417790.6698532104
1122,881979.9664306641
2419,565761.4511260986
1231,667257.6175765991
4408,490043.9135437012
527,1322993.658920288
175,307528.185798645
5871,543939.81224823
6351,1713640.064781189
3550,442261.9563064575
5626,864301.0106658936
4084,543281.0862884521
1307,1242051.9487228394
3659,1230041.2494354248
4711,616123.6918258667
1080,861945.0441131592
379,1923148.0483016968
4975,412770.669380188
6368,1168088.8211212158
2148,528739.7138900757
2444,919658.1819000244
5660,195963.01307678223
172,1296073.6506652832
6659,1093442.944328308
1266,363604.1737060547
5676,713225.4258880615
6113,926800.422782898
6762,765195.914855957
3234,562125.4332046509
6540,1645419.8048095703
4265,41217.57710266113
5019,942581.3229141235
3754,709889.8758163452
4920,1815508.8583068848
5037,620240.4850082397
3772,621747.220085144
2789,1193142.5505828857
5648,256488.8065032959
4434,1025479.2155303955
2431,1355464.448387146
558,658118.1658706665
2222,958969.409111023
5877,1137925.0564727783
3293,539202.6142578125
6108,794590.9886245728
2611,1987885.9948501587
2088,1636152.6129379272
5388,1841935.694038391
1159,741194.7973480225
5622,768824.5042724609
3821,808823.5102081299
2516,1300924.6168365479
5739,591654.1282272339
5506,2136369.007347107
6628,572153.9500732422
5883,2086704.5376358032
1727,1020474.563331604
2375,364831.8084487915
1645,414095.5298843384
377,2133646.5386047363
5307,46269.23654937744
1600,903730.7675552368
6413,606073.4311904907
6204,1568678.235534668
1713,1141942.6918869019
5629,399172.96297454834
2853,640565.2385787964
4159,593254.5657501221
3184,446849.7413711548
3894,553620.1159515381
1649,562927.3594436646
2310,1067269.13936615
6717,1494279.655342102
654,1408256.19115448
6304,737344.5860824585
1926,734565.9945449829
4509,1213593.1183242798
687,907775.6126937866
3464,524859.3089828491
4459,392418.24922180176
4180,455069.71158599854
4539,1303716.3911514282
3586,392402.428817749
6436,1043625.3003768921
6648,1101371.9891586304
2002,2563578.7626571655
833,962945.6725311279
369,4496882.142074585
548,549075.4456176758
2513,1104485.6341705322
2330,1113218.7921295166
5878,1679826.0538787842
4371,986977.5795974731
5196,434461.15659332275
1539,1680587.231262207
1804,616402.6406555176
4732,423228.6598739624
5789,390157.92123413086
5300,1060308.0875473022
5478,1557772.5408096313
5299,1736112.3949127197
111,674818.4471588135
3389,914059.7614593506
2108,1318276.0331344604
485,1000451.1969604492
5405,1054450.0359268188
4588,411399.25846099854
2666,1116728.0433807373
4332,567702.7278442383
6165,702320.5817947388
5305,492260.0779800415
1806,1099389.9602355957
2958,1731660.756362915
4383,734794.9996643066
348,1860718.37474823
5212,1324062.1232070923
2050,448591.3266906738
665,2290569.951538086
4029,1060710.274093628
3665,1026837.0351638794
2322,667010.5749511719
5386,690320.3472900391
6321,999199.9830169678
5515,1898073.2569580078
1604,487546.6290435791
1854,1995322.6753997803
1551,3072327.5659866333
6655,732062.87134552
6320,623750.2892990112
256,902576.7653274536
1279,840032.9803543091
3343,1544802.562461853
4968,3076018.449234009
352,1724988.6944198608
1380,1605162.4885406494
250,503949.20289611816
6025,1126447.9753112793
1232,2235013.1625213623
137,1959007.927154541
563,679091.5048065186
2289,1375454.6379776
1316,1703113.9477081299
2462,1233663.6345214844
5900,725438.7913360596
3319,644448.0760498047
1035,1108826.686164856
2146,748085.6001739502
3925,625191.2467498779
1678,634377.8406982422
160,987171.181892395
2595,2696578.8801727295
4598,922768.487373352
1317,1398814.7486114502
5658,1189337.9686203003
4896,2456436.2524871826
4109,653529.5657577515
6623,566154.0208892822
6212,899664.5910339355
719,1921927.714668274
1715,705394.5368881226
3487,745654.1090698242
541,757260.4530105591
5563,2451264.361846924
5723,1262941.6188430786
6444,1037218.0806732178
3119,1332665.8329315186
2801,835009.0606307983
6809,474193.3479690552
3129,818445.9341125488
2370,1075561.5777511597
2567,749320.9119033813
857,718553.3776321411
4577,446704.94200897217
1409,3405946.1139678955
1970,592960.2226486206
1184,1064603.8340759277
840,1283896.4991149902
2766,554911.7988815308
488,826099.1938552856
5913,1532010.6141662598
6795,1076788.1744003296
3876,1870343.8657913208
553,731724.2880859375
2164,1176430.6380996704
6633,675574.6755752563
2086,701435.4026947021
2459,1140371.0724105835
6591,486855.7191543579
5383,796473.477355957
1240,2178014.082977295
3743,1696210.380859375
2197,168291.20330810547
947,1333258.5034255981
902,2550647.055496216
4885,895685.8747787476
945,683915.7342834473
4453,1445977.1371383667
6379,3277617.048019409
898,1324880.1578598022
1908,1064613.7170715332
5494,584026.0312423706
689,982127.1243057251
1236,-1418934.812538147
2203,1577852.9847183228
1297,376924.62927246094
3143,486720.763092041
3668,555754.7802200317
6345,1127518.2950210571
685,1061469.0510253906
2011,2814390.1191711426
3819,912389.3448638916
2780,620512.3240737915
2529,847687.9062423706
1597,725360.0643539429
3701,1462364.7461624146
1873,1166731.0039520264
1562,2601221.100730896
3771,2763002.1878738403
2305,496567.9034881592
663,3034388.702430725
4483,1205370.6360778809
2994,754064.2984161377
2980,600842.0502624512
6744,829137.5427322388
2362,693459.9818115234
4552,1398919.2453613281
3116,735501.8063278198
1528,801360.7418518066
5572,1693491.3789215088
5644,1314647.054649353
2190,185195.74292755127
4451,1015533.6785202026
6317,3355342.730857849
568,1424544.7748565674
6164,1606351.6802749634
1377,301831.44482421875
6747,1633608.7875900269
2381,598774.174331665
5414,551646.7288360596
3258,675482.9219970703
5503,1257638.520401001
2076,524609.064704895
690,905742.3676376343
4092,1661022.689239502
5309,2103155.715522766
4255,4010499.3595809937
2689,973635.7604827881
4630,518423.9965515137
6679,451313.4577407837
593,3131552.6507339478
1350,597458.1217651367
612,439304.6516189575
2408,1181099.2673492432
644,1918154.056526184
5216,393662.77879333496
5520,-418706.8204879761
725,1071731.5324020386
1966,537110.3553085327
1875,730827.5387496948
2784,332576.1522445679
927,1104494.9963760376
2632,605787.8201370239
5259,461046.7561569214
4678,968201.7180938721
2504,948481.6511001587
4978,3104680.320159912
5075,475939.29722595215
6405,1160855.3214645386
3927,593833.4456329346
460,881066.0938796997
5407,1589883.4123535156
1898,671770.7993011475
782,1165806.807975769
2920,658480.3530349731
4852,2128548.326904297
6600,2530294.7702407837
5981,553309.8799438477
4072,1420024.0956726074
3726,771565.0638122559
4541,1472209.3052825928
5602,1062510.6511001587
4977,911513.5863037109
1135,978535.2631378174
5828,1604787.9964523315
836,945921.2188796997
5584,567982.6749649048
694,1056615.5227279663
739,1872664.7078475952
1219,2038575.1304473877
1024,1066353.7553634644
576,1430705.0453414917
5293,704157.7613449097
4936,1096918.3108978271
279,525837.9928512573
4844,442472.3387451172
6549,1601732.8131027222
5228,1066855.61769104
4166,822778.6692276001
269,924453.1401672363
4033,1300998.088180542
3866,1540597.8045578003
24,677787.6259994507
2757,975052.2557983398
5288,621681.6674194336
953,576596.2356948853
4296,1827078.2134094238
4017,765651.324180603
2524,1459278.2395935059
5773,1075497.8498687744
4521,1263275.170463562
6324,800272.9180984497
1498,574562.6582717896
3660,1644437.52734375
192,565528.5562286377
5174,827257.613571167
4964,3958232.253578186
6506,1203761.3573226929
4877,376515.61936187744
4392,1416649.7661819458
3921,508827.9669189453
6551,535562.835105896
4556,719185.6868057251
4990,276299.37311553955
4019,716037.8297805786
1270,618718.6735153198
3671,1038869.9084625244
3935,751766.7456665039
4273,1327305.3869171143
1092,824008.7414703369
1042,757591.0820541382
2925,1664941.6614379883
800,798679.968536377
5719,663478.9410629272
3635,334240.55237579346
4306,768995.101272583
3763,1696210.380859375
6763,651182.7427215576
4051,1144548.0745773315
6012,428654.0488128662
5451,826757.366569519
2915,1035177.4993209839
4769,1185606.8041152954
2199,183854.32527160645
3017,464967.2861404419
6279,843881.0648498535
2859,986454.677230835
29,632754.4828872681
6232,837259.3054580688
5975,535329.237121582
2079,3636570.663757324
4992,979809.8442840576
5229,1058515.8261108398
1591,2688757.112625122
1735,826768.4197158813
3048,1104660.2540969849
5261,933631.0410995483
3597,435906.178817749
604,2430951.907951355
129,1733704.4396972656
3463,547246.7085571289
2428,661946.876449585
2425,1623724.4464645386
662,706616.1040115356
100,431134.74168395996
6422,1077477.2688827515
3035,1298950.1354522705
2112,1353761.132270813
2808,389828.0096054077
4850,2593143.568786621
5689,745029.4512252808
2045,910261.5649337769
6710,1943478.071609497
584,2066205.943183899
5410,383716.5492095947
1224,1576514.5550308228
2827,757038.962020874
6295,1444741.060333252
6617,2050682.3573989868
11,988904.5688781738
6770,1009752.792640686
6640,824798.2260971069
1215,1458273.2383117676
8,1391137.8480529785
4973,806471.7123718262
614,1505654.5689544678
929,1959678.4633255005
1546,574827.5559387207
3830,268399.9051513672
5352,570520.0538635254
5002,543344.316116333
5908,398322.0653076172
3588,895946.5554656982
341,2129854.604118347
4503,1182147.4729003906
2299,1635908.6433639526
1275,517652.8931274414
842,1553652.1066818237
3159,534110.7562103271
3647,443185.2442932129
2013,701218.4154968262
2767,439595.034866333
3858,766659.2188796997
770,1720527.5082092285
3044,1629962.4074630737
6560,635884.2366409302
3146,191641.54586029053
5865,1404611.2896881104
6243,787300.7800064087
6557,648349.5264205933
501,996171.9172821045
3026,1578018.6529083252
5576,1738204.368423462
4038,592262.2875213623
3488,584194.3766708374
596,526158.1149520874
1565,1660710.4766235352
1094,676460.0584411621
1787,3514236.2981643677
4949,1784140.4994049072
3355,1110031.4685516357
5874,567541.864692688
4236,1034659.6812896729
4036,1429544.78125
2405,941947.5082931519
1592,1918398.2602615356
2243,364214.42682647705
4324,780267.4075469971
4155,1488699.8218688965
1942,859492.3449935913
831,1483283.2028656006
3187,706108.7155685425
5201,2161977.9622573853
3481,973471.2181854248
2675,2090781.345840454
2930,1565683.7830123901
3879,652236.8462753296
4278,701823.8499145508
4340,585511.4554977417
3891,965430.8334655762
2333,766679.9609451294
4699,503515.6534881592
3243,457458.83700561523
6683,995825.4057769775
751,1346310.6490325928
88,1328130.9109268188
1301,478186.89558410645
3320,1744723.3405761719
3382,418129.3609161377
4972,1376846.5022277832
2964,1701950.264465332
931,549386.0535964966
5825,16227.604942321777
6808,1182556.3880615234
5195,1570904.5847244263
3179,332033.8717880249
5881,713862.7336502075
6027,877479.782295227
154,1219585.1212921143
3368,1031985.8023147583
4082,1305459.206123352
2919,417517.8017654419
2570,688417.3321456909
761,596508.0476989746
1526,592570.1481170654
2823,395577.24641418457
2451,1031079.5836791992
4689,771180.2938537598
3852,308268.10568237305
420,739215.6661224365
3346,598727.9176559448
3379,728139.048789978
1124,935344.2540206909
67,2554420.948562622
5438,651519.5550079346
4466,890309.056602478
4387,1178169.9620742798
2743,525661.9420089722
3037,2133497.716194153
1913,975242.0561904907
1306,443013.8299331665
5944,423450.037109375
415,615935.5624847412
1182,998627.1323242188
5706,792823.7866287231
2340,861238.4430084229
1497,481673.5517272949
6707,1425441.236152649
4199,543426.8250808716
4989,1724294.2171554565
258,597731.2552185059
4420,977186.7369842529
6048,1310078.1249771118
5485,914993.3179016113
5275,1012136.3169174194
2027,2848220.631881714
2230,1816166.090827942
3654,994602.8235397339
1932,886565.7433929443
248,539671.9092941284
4323,432392.07498168945
4665,370326.38107299805
5976,606166.0039367676
5136,721492.6254577637
6115,1071556.7969589233
2777,772053.15599823
5762,729823.0728149414
6208,2405335.011390686
5610,2637793.01361084
5204,1799736.5198364258
5616,724276.2448501587
2306,619450.4225997925
6598,744088.467628479
6370,985625.9318466187
5394,574057.2444458008
3559,631078.193397522
221,1569402.5636291504
2025,537321.0252304077
96,673035.040977478
3002,1013526.0621566772
4979,896227.0025939941
1269,1277566.6928482056
1512,889628.9344329834
287,1644686.4065628052
549,670620.7616653442
1672,615432.7830429077
3288,641998.5841751099
1686,2123108.98261261
5599,1267448.1702041626
6174,584161.276725769
1277,752220.310760498
4362,906969.5807266235
5978,1269686.0728988647
2373,930630.029548645
3504,628390.1011047363
2894,747369.0676498413
6400,783398.0303649902
6010,657902.930732727
3810,393272.8836517334
4847,883013.852607727
6682,920432.6791229248
4995,1203030.6424102783
4860,550871.2161865234
5936,1069639.4790725708
1598,591895.5895614624
5620,304860.35945892334
5784,929315.8314208984
4113,1936365.5940093994
3757,2195545.105369568
3474,782875.2192001343
4455,639139.9153213501
535,1676632.8930664062
5848,669477.1962432861
1045,1051348.5124282837
6642,1664709.7094726562
6783,1012744.3177566528
3857,1949308.4051895142
2017,1676293.590888977
5042,761914.6284713745
631,1547800.431526184
3953,912011.0744476318
3802,727708.7144775391
4572,1675511.3962860107
6458,2407989.8443984985
3908,307879.3557510376
2290,1367860.5032958984
3733,760120.8618240356
4423,666152.441482544
854,469274.9680175781
1134,852127.2502593994
4649,872446.7199554443
4003,1146580.351600647
2668,712638.1039352417
3663,963051.133972168
1770,852432.9717025757
4523,821139.9106750488
4197,715511.0780410767
6822,774539.3061599731
5566,1874845.2737197876
2070,2234614.4388656616
5051,1327038.079963684
4657,1000190.7137832642
2690,1169499.5336227417
2354,1264835.4001083374
6826,632435.6879577637
6233,1469825.6742706299
1705,1324894.808769226
5985,342894.4002609253
6290,925403.9210891724
1121,777413.228843689
6631,758489.867767334
3585,1073676.523651123
3706,628414.5113143921
5666,2482474.2440948486
5038,1138244.3960494995
1808,997989.3420028687
5278,462615.83880615234
4490,1357839.696937561
3369,1156758.7577667236
5404,1039358.0900802612
3009,945288.9219284058
4001,368933.30115509033
2116,571660.642829895
6147,904890.8419723511
1481,977900.9901275635
781,568065.0387573242
3170,638804.9983139038
3940,462556.5340118408
930,1077747.3732757568
3687,1006473.0089187622
6420,1287426.0559158325
156,1620684.5836334229
2366,760908.1516418457
1139,1366652.2214660645
4524,1146821.0918807983
3978,1804272.0302581787
1792,624921.9127655029
1447,1570176.449508667
5113,1943003.0425949097
1631,612420.0566864014
2120,555291.3722305298
178,1114818.0162582397
15,1208085.2900619507
1110,568488.6304473877
5971,950557.5752716064
6278,366779.97274017334
6334,477574.05976867676
4314,617397.8268127441
476,1565420.4750976562
763,907889.752456665
6798,761895.0654449463
4027,1778721.3889694214
2657,1577326.476715088
899,2105689.4712677
4442,592003.8205032349
2150,1537991.393157959
975,656575.68775177
1180,668509.6924362183
6387,961287.2481918335
2916,732476.8833847046
686,1019706.9292755127
3221,1686359.5273895264
925,651440.6119842529
5168,420792.4644470215
1371,1423959.7120895386
4865,533266.397529602
4777,582664.0396652222
2626,1507993.5076522827
608,812126.8138580322
5639,1526864.5649414062
2735,776936.503982544
5011,2797898.4724731445
3437,1010234.1055908203
5031,745134.9265136719
4691,1201733.1042022705
4626,849366.6098251343
6388,1564628.298904419
3242,589345.3963928223
6072,894552.9677734375
3250,655457.0071334839
3728,747877.2416687012
2700,835517.688949585
388,1522598.577079773
105,425056.2272262573
2286,1427254.6392822266
109,778539.0795211792
3273,703228.7446899414
6440,921722.0212783813
3991,736391.0610427856
4974,517177.6639633179
2702,1362856.7587661743
2619,1931126.3649215698
1617,524835.213935852
5597,629205.951751709
3227,705061.8998184204
5139,1008480.2542266846
5364,760565.9648895264
5103,755896.4415893555
3448,1867386.4684066772
2023,2196384.0914764404
3122,608558.3180465698
711,630129.7996139526
2411,635362.1744613647
493,1389840.3235473633
2122,431388.3135070801
83,1916036.9944229126
6722,1061013.0698547363
4186,273853.03090667725
80,452826.2804336548
3766,707826.7270431519
4807,765395.3958206177
3724,595157.1529464722
2012,2341391.9600601196
571,978564.6929092407
5439,1327774.7281951904
5691,327987.2796096802
2874,430486.20261383057
511,877877.3862609863
5112,1032808.374710083
6493,1740279.0375671387
2616,1092732.5659484863
3074,446972.23860931396
2519,921422.4504013062
3811,457102.7597885132
1008,2103988.1558151245
6691,673845.8816299438
5220,755065.2127456665
5631,1452610.4441070557
4922,1249874.4997787476
6535,772840.0044555664
6485,2511601.258216858
5918,686214.6248931885
741,1119899.4679031372
2671,1419709.1303329468
5827,526118.0645828247
1005,1313303.2458496094
1168,1305242.2366638184
2738,1113056.1327285767
1086,948240.1447525024
4158,686220.6358184814
3067,798217.4028625488
3769,2213542.5319519043
293,5465606.034637451
3582,1133150.4532165527
5768,983884.829750061
1535,2228760.3324813843
2344,792309.4950180054
4702,2309889.4121780396
247,2133178.960494995
2577,759039.8725585938
5715,468976.23414611816
6605,1199711.4770584106
1214,1170596.5047531128
6450,1047376.6201934814
3404,1924549.8849563599
4200,697256.4835205078
622,1793260.934288025
1731,2147201.58454895
6804,843642.688835144
2699,1030559.7323989868
3408,379188.35595703125
2857,922314.4582595825
856,2013412.3156280518
6685,2617816.1084594727
6728,1312864.4726104736
6059,863416.4835739136
847,708593.8435745239
6081,531866.2894134521
4081,944351.1440505981
3309,1160293.090538025
2943,950418.7436676025
3696,622086.7321548462
863,914280.9865112305
5922,1256247.261871338
3958,2024778.2056121826
6438,2040549.5476226807
6029,200422.6262435913
5385,623693.113861084
3395,986538.9114608765
3966,950100.9523086548
994,344254.0121154785
5920,1524055.5432815552
2365,1027278.9936065674
4825,1465774.9497909546
1313,1022666.5375289917
2775,528077.0059280396
4839,894988.2967224121
4380,530889.5208969116
2737,1000910.2288818359
5509,383823.99254608154
5815,1177846.1885147095
3345,1788383.4695281982
398,1305471.4026260376
4617,964723.7660751343
4117,794789.5002746582
1851,1000473.8303604126
3627,442922.77116394043
2975,1388999.1404800415
5603,1364085.2248535156
877,1408604.1943206787
1560,1557904.8176116943
3283,729610.5287399292
6105,299649.2769546509
5917,377119.4714050293
446,1326415.3649520874
1505,1354016.4364776611
3232,604991.9192352295
5593,433854.38844299316
693,542506.0907211304
3036,1860563.4203033447
2,1044319.9369506836
2115,680264.9647140503
2829,923810.8470153809
6482,630845.1231536865
2213,1800514.6065826416
3297,564632.0257720947
69,1225838.6245269775
6510,925260.5489196777
981,1719259.12525177
3779,695158.7007980347
623,2008246.9635543823
6175,704266.7329177856
6520,444139.3316497803
359,1928831.5219039917
1362,1367609.0171279907
2866,1145912.622932434
1885,748261.5051803589
4476,689420.164642334
5687,729155.5871963501
1070,1185906.4623641968
989,747211.449180603
395,2073436.2209014893
2656,1285426.2653579712
4187,1053072.2570419312
4596,5259038.762275696
6129,792217.3324661255
6319,1267079.5340499878
6455,951907.6517410278
6639,1835698.3492507935
6193,306881.2976760864
748,380984.4077606201
6664,1087964.7425308228
5012,1149429.6790466309
5864,1361474.889175415
255,1722926.4759674072
4069,1379832.9224700928
5349,1117062.9315872192
4570,693067.6099319458
3108,719726.3881149292
5066,1997372.2692565918
1517,804004.3371124268
6097,678057.8814239502
6019,735699.9087905884
85,962178.4784545898
6746,2085928.1829299927
1120,895802.6049728394
3661,1415424.8108291626
5800,852283.1700210571
2087,2152651.592399597
5013,529940.1762695312
5428,846000.2467575073
4888,1606203.9508590698
6082,-282643.9532318115
6695,1564688.4585723877
500,1307550.2197265625
6331,1289622.6043701172
4736,841639.6022644043
2858,877809.90184021
3375,1077004.7484588623
4478,674653.9003753662
1457,1094708.326034546
1900,873177.2444839478
1714,2079902.7508544922
282,565546.880607605
1265,548208.7747650146
2819,667128.6203613281
6561,553043.4797286987
2887,522995.0416946411
1641,431296.7643661499
4543,605870.552406311
5025,795270.6345672607
1130,900578.301071167
5749,961832.5252532959
2171,372152.5766067505
712,1053834.933921814
6578,1000708.9964065552
4845,898147.3859634399
682,540780.5329437256
4675,1731158.3277511597
1943,855336.8689956665
845,875768.6122894287
4514,1710471.3463058472
3873,1911810.0656814575
2935,1804284.8482437134
6786,1435407.4030838013
5714,1400393.5063858032
375,655277.1660766602
3730,703869.7140045166
2218,1814989.8102798462
2480,1056945.020500183
5107,605854.2331314087
2591,1247346.2671661377
2961,1417233.1866607666
4272,653045.3628234863
1113,710148.1856765747
2028,1656385.6545944214
2311,1165817.194076538
6734,1469248.1922607422
3742,789836.7753982544
6236,1889646.8576202393
6584,828842.0412826538
3136,1427554.7799224854
2060,-1176000.3876113892
1429,1146576.0311279297
702,1211060.324180603
3145,585741.4556884766
3804,1830672.2951126099
934,1086468.7450790405
170,989607.8688049316
1501,1007518.4879455566
3413,982073.7774276733
3548,1572176.7863388062
1052,573586.3584060669
2452,884840.0561065674
6347,1646709.412536621
5604,625934.124420166
4299,1231536.4033813477
5488,851734.8107757568
1201,662279.152053833
5562,2104807.002685547
3669,648415.5857849121
3768,1839231.3877944946
6673,973291.51512146
1427,527878.7801132202
6231,1928170.2069320679
2142,762482.6736068726
6475,1456105.3292312622
1309,839547.1149368286
4611,670628.0165939331
5857,780631.8416213989
134,1236394.5945358276
1442,1648237.0092010498
2944,1461656.3772277832
1853,2016873.1877670288
3992,1452929.6541671753
1912,1118032.9273910522
2211,2150169.306655884
2705,971583.8421554565
3747,2402117.2571105957
1826,1215275.81375885
3562,1029928.9535598755
1194,636170.5974349976
6635,737546.8945922852
542,1214121.6640167236
5252,825191.3217315674
2576,814458.0979309082
459,1052508.9107894897
4054,1659461.634147644
939,1928130.8786087036
909,1970884.1341247559
4111,1511202.4848251343
6187,394734.3852005005
6197,884655.516532898
2756,392770.46813964844
1302,548507.6595535278
2232,1042691.499420166
2421,382812.92696380615
2791,540494.1747131348
5879,622518.8588409424
6774,693445.5726623535
4106,888070.0581054688
3699,574429.3763122559
4170,462642.8600692749
2201,603215.5785064697
2368,540368.2535018921
481,1212939.0836639404
4574,2046016.6541519165
3691,644211.4872589111
3890,710524.2158508301
6582,1083008.9852371216
1537,690819.2203598022
5888,578256.954574585
804,1134090.1715698242
5729,1131680.7531204224
4286,1023962.9307785034
3160,304054.17821502686
380,1576628.6554870605
892,594203.2400741577
6606,1280921.4920959473
5601,668536.3838119507
304,1940491.6560058594
3295,435828.2983779907
4417,1020891.5987472534
4679,454681.1610183716
6705,1153479.5438156128
5884,2573994.2412261963
3740,1273619.258605957
5911,959897.7382736206
5411,489698.0176010132
1666,874516.9104385376
408,2033359.5331115723
6305,627390.0639724731
2103,2396160.581474304
6213,734585.1904449463
6061,507216.3310852051
4160,1008732.4268112183
4289,467961.4898223877
3241,584769.5387878418
515,1049070.5292053223
6700,1430305.986328125
1643,704589.1357650757
1630,684731.1120758057
3397,1434770.3879776
5780,1235188.1164398193
6478,1622827.3870773315
3686,638202.5871582031
1454,493849.97258758545
6452,1079096.5762329102
2029,1865010.768875122
2643,1532682.1642303467
6533,1818197.6679000854
813,1333061.955696106
2414,635301.8115463257
6779,868685.3214645386
5092,429699.2410507202
4796,1486949.6076278687
5484,698682.0375137329
4365,960831.857421875
3,1974489.7978515625
196,1517192.4404525757
4519,1224961.129333496
197,370045.1651687622
2342,653602.677696228
811,701427.3744430542
2814,951265.20362854
5500,754724.8488693237
3091,1218553.7782669067
3015,724962.6382064819
3888,414322.51165771484
1577,1889048.0924224854
3803,1880504.9242019653
3341,477558.2637710571
1701,1987546.8533554077
2477,1946024.943725586
5353,703794.7694778442
4583,19499.68576812744
2364,1101998.1543121338
194,1527181.9612197876
1960,1363676.617652893
2562,555868.7986373901
5656,1511816.8314971924
1637,561689.2804336548
2496,896688.1969909668
4049,1249692.0776443481
728,719224.5905685425
2161,-29220.08058166504
703,1450116.0587844849
3033,1971173.6113052368
6658,351983.54427337646
1556,450391.6028518677
557,619397.9045791626
2183,499051.9758605957
329,1069385.6887435913
5725,710736.3044052124
1162,1093247.3999481201
767,986255.8003311157
5713,1313190.0355529785
3621,1447218.2125473022
3111,712786.7788085938
1103,838860.539932251
1761,681311.5201339722
3961,1657070.1897659302
3071,2071571.8952636719
4628,686598.2917938232
3644,812961.5479736328
3587,675719.7032165527
5033,824134.730430603
3949,863236.6352462769
4632,216120.3533782959
5743,1740077.5427246094
5814,2338614.582008362
1478,956558.5549468994
4688,1005829.1590499878
6619,418743.03074645996
2597,1525107.8059310913
2881,1404128.7979507446
2239,1033423.2861557007
2645,320505.38373565674
39,759134.8414001465
903,1601100.5135421753
30,375401.00272369385
6811,907138.6542282104
6727,2120876.839859009
1659,597579.8371276855
4147,6148136.377815247
1348,502908.50408935547
1315,1907149.8891143799
5744,647675.2771530151
4264,625873.1613998413
5782,1055327.410736084
1682,533209.2944259644
199,1526899.8562011719
841,1110119.483215332
1367,702374.8993911743
5598,705954.0801773071
2715,667792.1373672485
640,951354.0062942505
4540,1129547.1842193604
2018,1900078.8432769775
2661,1578781.4937057495
6675,1642293.256439209
2149,968792.2764282227
2046,252634.07487487793
5124,511298.07333374023
5379,813390.3698043823
5799,596447.2926559448
3831,1073125.503440857
4982,526900.820388794
3275,827127.5418624878
2109,2005357.0264129639
2669,1236785.9064941406
561,711085.9835128784
4809,780339.8391265869
2398,417531.76136016846
5287,553496.5326080322
4971,937615.0625915527
3212,1815966.1648025513
519,1283770.8358917236
6715,749824.5179672241
6815,1532622.986175537
3264,787036.0109558105
295,2272950.1468963623
5701,477380.723236084
5316,1151262.4529037476
5543,823993.6139373779
6180,1477509.7569885254
5816,1170993.3189239502
313,1170105.9976577759
4652,596375.938369751
4677,383099.40953063965
2622,2118026.558670044
5635,708322.9215927124
6741,1135215.6113433838
2038,1997383.3557128906
3435,2514597.5826568604
3484,963147.388168335
463,907870.75050354
634,1758618.9005813599
4367,1172805.754890442
1842,1576347.8807907104
1780,853469.5561065674
3817,685533.6653747559
1208,1228687.640739441
1622,704209.3902435303
3870,1346346.954421997
6298,1868643.1662063599
2278,1351325.4272232056
4506,739870.5229492188
1554,2244459.6014022827
610,1426113.9629058838
2673,1958011.630180359
6280,634517.2667694092
4205,606459.3274993896
2280,1280427.4730300903
6016,444464.3593444824
1370,2106553.3408584595
1147,542948.6805343628
2520,1718870.5695266724
2443,352061.3603210449
1256,218463.27605438232
1810,460174.29485321045
1078,662848.3004989624
756,958543.2339324951
58,1335439.4383773804
5967,450587.09523773193
2438,645205.4016189575
3210,1234961.3343200684
366,1958737.313446045
4393,863632.7947540283
484,2029145.3929977417
4729,1383475.512145996
1152,1339841.7849121094
6552,788604.8324279785
5939,664315.65625
2145,1247329.2255020142
3788,617934.4192047119
2565,627077.0225982666
6199,2776828.834449768
6078,918936.8356399536
4603,1688157.1452560425
5199,1700495.7419281006
2835,424016.2092285156
3758,1869657.9718170166
130,87879.68479919434
4219,449143.47064971924
87,530654.8901443481
426,725850.2344894409
6079,593773.5958404541
2846,737391.3181762695
958,566441.3275604248
1372,1119907.3441390991
97,551316.3580627441
213,1728170.6749572754
5662,658913.8970947266
2805,820086.5814819336
4907,1411677.0426864624
4131,744429.5872879028
6519,526494.7843475342
715,877337.7717437744
5049,1661069.330657959
5809,812057.1280059814
3929,309606.21603393555
3520,970069.8032073975
121,860365.7534408569
3583,771165.7237854004
5792,867574.6216964722
6411,885018.2882385254
6397,2542794.786972046
4770,3072073.2106399536
5206,1433560.2929916382
5303,432573.6411437988
5777,689367.7899932861
1054,997735.7500228882
1928,849300.275970459
5455,585982.7395782471
2170,1227612.4374160767
5710,274198.6322479248
1973,521990.6965866089
3594,652849.887840271
6516,2046892.4883651733
4067,430017.8666687012
5779,674243.1732406616
4752,2023691.6203079224
6083,1083582.4596939087
2759,532835.096748352
4297,1874511.3202056885
6074,680693.3273849487
1740,476326.2756576538
3476,870520.9772949219
4156,1133021.6116638184
1506,462823.14818573
1443,1109396.6472702026
223,3335667.6623535156
1156,723250.3726272583
5885,1291337.2971038818
5,1238074.6208267212
6580,1429282.108291626
1273,1185331.8134994507
2349,879435.9877319336
1196,1438474.7077407837
5570,3416623.525100708
3010,1232591.3184204102
996,1232405.8701553345
5822,1367113.9425048828
855,2291124.938911438
2073,3217708.090736389
1016,1152351.7943191528
4639,820448.0400314331
2446,1001096.0671157837
646,1991314.7703018188
775,491204.15518951416
3867,1251525.9678497314
1938,1042648.8086624146
2568,605287.6663589478
2308,1193718.1900939941
6784,628937.6733627319
47,607174.6033935547
923,489616.7412185669
4318,846247.0367736816
1459,941408.5884017944
5579,1040973.8263168335
2241,2749650.2838516235
2942,677596.0489654541
6399,1440812.0944213867
1940,642955.885673523
6107,691840.7662200928
3394,1274023.7791748047
2253,970313.2282485962
5736,761742.9969177246
3576,1250022.6110916138
5524,2447494.481185913
5413,499631.5308456421
4998,494492.7781906128
169,1304713.953453064
4585,1036437.2237930298
6288,1472348.2386779785
2993,573109.0158691406
222,1732668.0793304443
6545,873576.5665130615
4781,907089.584060669
3442,523577.4308013916
1047,930824.5945739746
6663,1357115.3219451904
3952,1888951.2975234985
3716,769065.5439453125
5187,834157.0710372925
3287,541416.1100845337
529,784253.8840179443
764,984643.9543685913
602,3643446.4566116333
5005,950638.4058914185
1749,1829174.9075698853
4695,1747197.5675582886
190,1187404.223892212
4395,739596.2391586304
4287,1558933.4997634888
4623,362110.6198043823
2849,1292940.1494522095
3130,914416.2585220337
4373,1121028.5292510986
1088,992127.9920501709
1684,629242.5149917603
4592,614396.6127548218
32,444624.49908447266
1276,573802.2958221436
5130,741420.6334991455
4059,1034001.5698165894
6275,1736584.951965332
2981,873042.7439727783
5441,1619121.219177246
1868,1299557.4195251465
5551,487009.5104751587
5927,1333627.5448989868
91,350422.70346832275
3959,1280139.7634811401
5022,846106.4160461426
3649,656840.1575317383
3506,1076282.268989563
18,1349433.9418258667
6588,1391027.9223937988
1389,723225.8123168945
42,1390757.5318069458
911,1432228.9863586426
268,992444.8693771362
6753,1213543.88596344
3975,1138950.719406128
1233,1236565.722984314
2652,991565.9569473267
3362,1083157.9229812622
2184,345740.209564209
2158,3249613.8920898438
6447,1381582.5651626587
564,1435756.77293396
2902,1075834.0211029053
4808,735530.8705825806
5582,1773183.7136917114
1076,937971.2307357788
5077,774989.3477935791
6441,830705.4644927979
1522,742840.372177124
4886,749586.1507949829
60,1301585.6822128296
4526,767826.3116455078
5766,512351.0497817993
852,695494.4078674316
3764,717571.9669570923
2212,1310491.7684402466
6249,648256.7189483643
1095,1147011.080734253
4555,940296.7621841431
5591,946348.3586730957
716,428604.9525604248
36,616287.5524520874
336,1947311.427909851
3181,850947.4760742188
5172,1734992.1698150635
3874,922928.6761474609
6359,449798.77811431885
6537,1043045.2720870972
2075,1866633.9095611572
6049,1125408.0252838135
949,1840652.7213897705
4593,833297.2614440918
1704,708134.1092605591
1142,879756.4970626831
4658,642864.4543533325
4723,757902.202835083
2841,166031.52521514893
2851,863535.9151153564
1332,554670.9187469482
2294,878308.9238357544
1589,2179383.6447525024
4445,705511.8325653076
1096,556002.6765365601
7,810136.7334289551
5351,1189243.4260940552
5870,1167755.07762146
5896,446910.9406890869
2973,1225690.4279174805
2432,939403.9016952515
2604,713466.245048523
4987,1227867.924736023
6445,3149833.8906784058
6001,526484.6826095581
1324,1168280.9779891968
6678,708744.5217590332
260,1122057.4418640137
4207,614110.1813278198
6301,2032920.9599151611
1254,602618.5392303467
4432,687615.0767974854
2277,1598572.2769088745
3797,562260.3578948975
5308,1248686.8060379028
486,1288870.6049880981
5286,1295124.7315292358
3008,1061090.7457733154
2284,335734.8185043335
514,1356174.6014022827
386,598747.7837371826
5247,854561.4171295166
5030,675151.3876037598
4028,1241896.3385162354
1858,1217298.2824020386
396,1510553.704399109
773,590402.1589584351
3956,320577.27558898926
6093,587040.8123168945
1015,1135177.189025879
6711,1781638.5925598145
3667,1372439.607017517
5382,608465.6111221313
2995,1082648.1465911865
6701,2354472.146308899
3089,1414723.0903167725
1785,546980.3575210571
347,2416714.211631775
6085,478183.0330505371
1951,655919.933265686
4531,738592.1681900024
4253,1365294.0587997437
2128,1303127.306488037
928,604469.4537353516
5664,1184422.5067214966
546,524988.7167663574
970,567378.7609329224
830,601179.4193878174
2319,827878.4909286499
1993,1639479.9812164307
5078,791328.9419631958
4280,445649.35848999023
5321,1067428.5964889526
6292,2365847.430404663
3707,1123309.7584533691
163,1095105.5542297363
2361,786538.8706588745
1529,1173197.928100586
6005,1277576.581817627
186,1477337.0586547852
155,422692.2331466675
5521,613219.8669815063
1349,964508.0119171143
4530,456164.91118621826
2644,1494974.3084106445
249,1681688.562652588
6121,1327355.6519241333
4238,947426.9892807007
1831,1066488.4279403687
3974,381536.7078704834
4190,299912.3720855713
57,2291576.2872314453
10,1475409.5568695068
2618,574108.9341659546
6299,1137530.8919143677
168,597986.2875900269
574,695002.5787582397
5203,973733.543182373
2484,1313775.7670898438
2335,937826.9504241943
4116,465331.89810180664
1625,706967.3758163452
1963,1049164.3652496338
4068,951862.2100067139
5849,879908.0718536377
2582,539797.5490646362
908,2031334.868309021
1944,834459.6043624878
3705,1216087.6060714722
3101,557044.8897781372
1860,1083493.4097976685
5264,471625.0467376709
4400,1665137.6811218262
3079,540089.7485351562
3107,1557002.7665176392
4762,826557.7033920288
872,2080411.4929656982
4565,362469.0870361328
2663,1229466.94846344
5577,2004447.670928955
2976,1373797.3972930908
2110,1504004.6060028076
4336,783981.8568267822
1250,1603753.9794006348
890,2123470.031188965
995,1079298.4459152222
50,2117981.0662841797
5560,48678.49831390381
2426,1180960.9845962524
6467,753128.9474563599
2760,627809.8975906372
5053,455855.6118774414
5397,555437.1676254272
649,789388.235282898
3280,653904.3614959717
2102,1128323.5671691895
322,1686325.0694656372
4480,1137985.8637924194
3896,561900.546951294
521,757984.9011230469
940,285745.0928726196
1794,1004698.1265869141
3083,345463.57147979736
3674,972823.0753707886
3438,2845146.1195983887
642,1640659.3697280884
1588,2390252.213409424
5516,629936.7459259033
1696,1206580.2997283936
3168,2268745.7563934326
3670,1349833.2019882202
6336,3265720.624732971
5178,2242742.730163574
1925,699057.4254302979
1514,848606.2424697876
4548,515121.0462036133
868,1940649.7608642578
2717,842807.8276062012
3741,656240.0714874268
203,1120383.2420883179
3473,836562.5572662354
6308,334608.4129180908
3330,2320754.7656784058
3643,964791.5053482056
3021,1139977.5918273926
2231,1594012.7020111084
4221,1466216.968864441
81,581993.403251648
6527,818787.3706665039
2985,1308714.610359192
1718,1897174.756576538
4517,448042.9327392578
6043,549056.2204971313
5541,827719.749420166
2332,841755.6452713013
5718,824855.9295425415
3387,383974.057762146
4721,636802.5727767944
5886,1085282.5714645386
406,2261511.247489929
5692,983493.5503311157
3554,672805.6323318481
3835,1181548.6802368164
3709,938302.7702102661
2131,1378530.4119415283
1057,1624661.3057861328
1327,1119695.9083709717
5032,655755.1642684937
6486,1506899.4865722656
6794,1116440.3259124756
6067,487223.8124694824
587,605686.3307495117
2078,723876.9801635742
843,1763232.6750183105
2285,897956.0762710571
4872,324711.92403411865
4208,742359.7074966431
5501,1221626.8394851685
1172,1151799.4140777588
3128,876772.4431152344
5474,713259.5322189331
393,1508849.5687332153
2746,1167944.6436309814
4485,1069482.5745315552
5184,1058842.6336975098
5146,2410883.2140579224
2005,2842375.9479599
3911,661554.5146026611
1933,1021719.7355804443
2323,943153.8389587402
103,595996.4389038086
1335,843304.2524795532
2039,2846499.8534317017
3219,1620064.2754058838
1766,828955.2396774292
212,1963745.5451126099
1752,1849150.1046142578
4927,1091804.3770751953
2233,1800428.4562835693
2081,3311393.8073120117
5433,1095315.4915161133
4397,313756.55642700195
6373,1242323.208656311
5234,1152787.5843811035
2636,624478.0674438477
2678,919355.951499939
1929,688339.2646255493
3538,917534.8115539551
4376,745151.3855514526
3558,757423.3889541626
5179,1577789.9490509033
1614,565822.7594451904
6479,1362184.897972107
4331,2165132.2346343994
1840,542504.4459228516
332,1860308.0750656128
4740,1314315.4464874268
3286,523467.48123931885
783,255186.60857391357
4940,693958.3312835693
231,1140912.96875
148,2322886.909057617
1018,1641726.8610076904
2119,747298.2611618042
5838,882787.1302108765
3999,1246141.6721801758
4734,786535.5613861084
2672,1197578.949935913
387,807722.8768539429
5475,795502.3691864014
6652,1633529.4723205566
5803,542479.2109680176
5079,1074108.2254638672
86,456006.0503234863
3065,352302.6097564697
4609,1197571.9968795776
271,376295.0270309448
6755,1242615.0427474976
5140,867029.645866394
1802,1214862.847770691
6718,2130234.507789612
3358,1155522.4566345215
1615,616702.9812393188
140,1413966.5467071533
2455,714440.6484069824
5912,653302.5173873901
699,853370.6255493164
757,550442.3265457153
4495,372107.85514068604
4758,1975031.4635543823
2198,565651.1268310547
4143,499181.96703338623
5681,738590.3003005981
1999,2048629.5692749023
2130,588395.4485397339
2862,1140819.968673706
297,930986.9661941528
1171,1296228.4296035767
3664,593728.3167037964
4890,1959934.0100708008
4641,1084453.339012146
5790,668170.1641311646
1422,2893501.2576065063
6417,1442496.0114746094
5973,1037498.3092041016
1400,1198265.610244751
5194,1312406.0178985596
1079,1022230.9765396118
6357,958177.0200271606
3611,1019441.4898147583
5943,2138920.229866028
4137,1264689.7467269897
5158,1271776.9479904175
4580,445749.07300567627
4085,616352.228767395
2474,382821.2792739868
1823,799697.7695388794
4782,939940.4663696289
893,2167500.7328338623
4004,759385.6236495972
3731,669800.8786849976
1995,2933173.162322998
5165,287581.8930358887
1109,832505.8335418701
4126,766694.7618942261
1846,583590.833984375
2162,583121.698059082
6656,747630.3793334961
5555,1000572.0551528931
3584,1363590.4665222168
5418,558338.9507751465
3291,401909.1969985962
6556,766498.3645477295
3151,541881.4626846313
6312,1212974.734199524
1988,734829.9240264893
2843,327245.1738052368
1657,1047798.9339141846
3832,908264.5748291016
5214,1264183.996017456
4179,531641.0757217407
1107,950805.7140350342
1061,663722.9086074829
3123,-202826.93620300293
1451,864404.1995925903
2686,1402457.6968231201
1618,585274.9286575317
228,1864277.3200378418
5613,1342291.4987335205
4608,478781.5876235962
1619,646492.0806121826
1585,1625625.268913269
1841,2158058.983177185
1737,801754.9453964233
1381,415219.95136260986
4749,771454.9815444946
3433,671385.3214263916
2812,340638.0316696167
5262,907280.2095718384
3400,921232.5097122192
4382,831376.8485565186
316,588471.7576751709
2560,1135094.7766113281
4858,791467.1524276733
3344,2426794.2916259766
737,798176.5901412964
1007,1908133.1067276
5074,1235291.9081573486
6425,1274501.2401809692
3514,1057423.0980453491
791,888819.2502288818
4096,1660876.1540298462
4227,1689270.8601226807
5355,876143.9423522949
2875,658803.172782898
798,979270.5400161743
1893,543053.4972915649
3165,414130.64781951904
6008,776358.7222442627
1336,1285637.370223999
1874,1528950.2697296143
1784,2713155.483947754
1123,1329059.267791748
1527,1332173.39138031
1341,929223.0398406982
6102,373876.82611083984
5328,2027004.9127426147
1510,916177.7733383179
3581,919059.1843414307
2654,343723.43754577637
5360,296106.62786102295
300,1817647.802772522
482,1160648.1995697021
4984,940229.6028747559
6716,1657585.0480575562
3113,474492.75228118896
76,872620.9317932129
1677,557504.2367935181
4070,842128.1864700317
6071,1134604.6057891846
2304,1410368.1991577148
4800,868620.633972168
285,471607.7945022583
216,5744495.210189819
3147,1828935.0227966309
941,860985.1776809692
4386,1114316.016571045
273,984600.0455551147
3689,631033.2780990601
1491,912609.272315979
3799,664801.14793396
5014,829499.0895309448
4394,561088.0213394165
3417,1181214.0120315552
2586,778328.2855300903
790,1531856.2336654663
1899,840643.756942749
2236,1112768.075706482
664,1413109.8775482178
1338,2496309.6222686768
2850,924924.8083190918
6490,551288.6874847412
4361,1039697.9381256104
6042,592090.6677398682
6813,1397317.9698410034
428,2176135.535621643
5159,2068370.136138916
4986,924930.148651123
709,1439376.83102417
1469,1288841.0347366333
2991,878530.1847000122
3539,1594277.6270599365
4498,560475.1360473633
3773,2677681.0596618652
5818,541924.391532898
6055,560158.5978317261
5060,1115062.6489334106
2352,750369.8408966064
4798,198264.84325408936
4870,694351.2990875244
5738,1432019.1329956055
177,1778726.476600647
4110,328104.9649581909
1691,533351.2491836548
5010,443905.9828414917
2007,1782511.1466674805
382,1940061.2333221436
796,571514.2351455688
4125,1463615.4365386963
1521,431746.7468261719
1252,680726.1609268188
6480,894895.9727096558
5595,451544.2824859619
4895,1331634.1576538086
1487,1199923.6747512817
3814,429180.7369232178
4148,1258830.4366378784
3618,1165698.381149292
4810,830057.9811172485
6261,1313870.1582717896
6251,832707.0280227661
4819,587828.3906936646
1155,988507.1971359253
6581,686452.6781845093
4322,534102.4215545654
780,1533012.5005340576
6195,2656888.148956299
5517,1807991.4560699463
5754,680024.9386444092
6528,2108114.195777893
2099,1841134.3387908936
6559,1989733.2022247314
946,1746715.7071228027
6117,527998.9776000977
2556,580924.83644104
1563,937564.8769760132
3186,431390.7853088379
2358,617598.5144348145
3372,1754841.0681686401
6283,633190.8541564941
207,1209684.4583969116
4285,564587.075630188
6756,665470.7756118774
4078,511615.06324005127
5941,951025.7660064697
1399,657431.5950317383
40,549743.8376235962
1777,1834033.3500061035
4619,677207.0610809326
2463,1002439.8054504395
2019,2022855.3665924072
2882,1454124.5841293335
1811,803175.4558105469
573,1707508.8719024658
4247,732423.9373703003
5996,1249882.7889938354
74,2200456.0008621216
960,340395.1506958008
4201,690343.7226104736
1238,2230036.1997146606
3106,1361904.5049667358
1083,856657.3149185181
4536,1173457.8512039185
2830,955725.1644744873
6638,1678490.2156906128
5624,656347.7227096558
4985,70444.03512573242
3279,693880.1355133057
1671,654896.947227478
3383,718818.3012771606
2490,582122.0182418823
6484,1051834.6441726685
1062,742624.1822052002
1329,619175.3834533691
641,1864394.5330429077
1964,673907.2514419556
1406,726045.642250061
1431,1404467.3747711182
4600,716874.191368103
4372,447404.3850326538
5775,767079.6321792603
453,649261.3423995972
5097,2200840.5537261963
1977,1560054.463546753
4822,1498810.028579712
436,907881.3977737427
5522,625245.2606506348
4766,735928.7985076904
6143,378318.02976989746
4064,1204195.0973358154
5329,998393.4381027222
4928,1103795.8162002563
1405,770808.4154815674
4696,710419.4288787842
3303,783416.5326385498
1697,2719427.5510406494
4704,917939.2230987549
1414,905719.9761505127
1411,1655854.6416931152
1048,769706.4807662964
2270,1362355.6851348877
2141,477129.126701355
2318,1163713.9096298218
3512,946100.3343887329
3937,724600.9084472656
4136,1304306.3446807861
4666,574331.2020263672
308,2382176.672767639
4388,215295.92279815674
5143,1507574.5395050049
2097,2111945.3285827637
580,2224947.238471985
2907,1464693.1164550781
4906,589632.6958007812
1248,1172526.6712799072
810,1579565.5362243652
506,1147624.4675674438
555,749168.3854980469
2551,929018.0279846191
706,1117325.05960083
4878,1401916.7419204712
6018,1401490.1585540771
2091,1289001.731956482
901,605033.3343200684
351,1835105.5273742676
1983,1925826.2518615723
286,1325184.077331543
6461,1289386.734703064
554,874006.9052352905
368,1397919.7429351807
338,1878334.7034378052
512,1790339.9932403564
4499,343203.73024749756
6667,779834.7963180542
3158,488023.5611190796
3416,871045.7662353516
3970,518275.4583969116
1504,292547.5805206299
887,2694509.467399597
5868,1230624.635055542
4642,1277215.8950805664
4534,2078508.7310943604
5977,538005.1375732422
232,2516989.0646743774
3703,844410.1718444824
6758,952461.1452941895
6096,635689.1279296875
2107,1425640.899421692
4629,800994.4701309204
3289,576077.2117538452
3169,625899.1945114136
4404,466214.1394805908
1762,2347736.8762817383
6602,4083874.4720306396
2763,3752549.835609436
3126,363693.6164779663
2098,755036.5227127075
787,741286.2747802734
2292,1088439.087562561
4991,522441.4305038452
6216,1407942.8431625366
1187,1039274.3351135254
52,1259584.1457366943
738,1647049.1052322388
1961,978957.4406356812
3334,1985715.5045318604
5015,1191772.4212341309
5333,595081.6154174805
2345,443088.4809112549
3737,729914.2678070068
6442,2046522.0620574951
6125,563007.6795196533
2377,701498.8471374512
3217,1237647.3880233765
1100,759507.6745834351
1102,1076825.2246017456
3681,1360092.0240478516
6702,1052171.7203292847
6339,980280.8746795654
2687,905823.933921814
2564,899637.4704360962
290,2463530.8782577515
239,1591481.0686645508
